timestamp,value
2018-05-04T12:25:54,36
2018-05-14T11:16:16,45
2018-05-14T13:57:50,124
2018-05-14T15:12:03,77
2018-05-14T16:52:01,55
2018-05-15T06:51:00,85
2018-05-15T11:40:01,-1
2018-05-15T11:41:01,20
2018-05-15T12:22:00,91
2018-05-15T15:33:01,38
2018-05-15T16:08:01,30
2018-05-16T05:28:01,110
2018-05-16T07:39:01,50
2018-05-16T09:28:00,20
2018-05-16T12:16:01,79
2018-05-16T14:21:01,62
2018-05-16T15:35:01,56
2018-05-16T15:43:01,38
2018-05-16T17:18:01,46
2018-05-16T18:10:00,86
2018-05-16T19:12:01,113
2018-05-16T19:31:01,118
2018-05-17T06:17:01,-1
2018-05-17T06:20:01,136
2018-05-17T07:56:01,35
2018-05-17T08:52:00,13
2018-05-17T09:49:01,15
2018-05-17T10:24:01,9
2018-05-17T12:07:01,-1
2018-05-17T12:08:01,9
2018-05-17T16:06:01,62
2018-05-17T19:59:01,152
2018-05-18T08:11:01,20
2018-05-18T09:02:01,10
2018-05-18T13:17:01,108
2018-05-18T16:38:01,80
2018-05-18T17:00:01,84
2018-05-18T17:54:01,68
2018-05-18T18:02:00,67
2018-05-18T18:39:01,54
2018-05-18T19:04:01,40
2018-05-18T23:28:01,72
2018-05-19T00:54:00,146
2018-05-19T16:58:00,123
2018-05-19T18:26:00,97
2018-05-19T18:37:01,93
2018-05-19T18:51:01,80
2018-05-19T18:58:01,69
2018-05-19T19:10:00,49
2018-05-19T19:41:00,19
2018-05-19T19:58:01,7
2018-05-20T00:55:01,136
2018-05-21T06:45:00,86
2018-05-21T07:09:01,71
2018-05-21T07:29:01,68
2018-05-21T08:01:00,46
2018-05-21T08:50:01,35
2018-05-21T09:53:01,24
2018-05-21T10:20:01,29
2018-05-21T14:26:01,66
2018-05-24T15:16:02,69
2018-05-24T16:10:02,43
2018-05-25T04:16:03,0
2018-05-25T04:42:03,40
2018-05-25T09:28:02,4
2018-05-25T14:44:02,110
2018-05-25T17:15:02,77
2018-05-25T17:43:02,75
2018-05-25T19:57:03,63
2018-05-25T23:49:02,145
2018-05-26T17:03:02,84
2018-05-26T19:47:02,82
2018-05-26T22:39:02,135
2018-05-28T01:22:02,150
2018-05-28T07:00:02,55
2018-05-28T13:49:02,125
2018-05-28T15:20:02,72
2018-05-28T19:26:02,128
2018-05-29T07:47:02,35
2018-05-29T14:04:02,113
2018-05-29T14:15:02,105
2018-05-29T14:26:02,94
2018-05-29T15:01:02,53
2018-05-29T15:38:02,37
2018-05-29T15:58:02,31
2018-05-30T03:01:02,149
2018-05-30T09:26:02,10
2018-05-30T10:44:03,21
2018-05-30T12:33:02,86
2018-05-30T15:06:02,59
2018-05-30T15:59:02,19
2018-05-30T17:35:02,53
2018-05-30T19:16:02,121
2018-05-30T23:11:02,138
2018-05-31T07:48:02,42
2018-05-31T09:51:02,19
2018-05-31T11:03:02,-1
2018-05-31T11:04:02,19
2018-05-31T14:15:03,98
2018-05-31T15:41:02,48
2018-06-01T03:55:02,152
2018-06-01T09:59:02,15
2018-06-01T11:32:02,48
2018-06-01T12:17:02,-1
2018-06-01T12:18:03,48
2018-06-01T14:52:03,71
2018-06-01T16:46:02,68
2018-06-04T06:17:00,96
2018-06-04T07:16:00,67
2018-06-04T08:59:00,29
2018-06-04T09:07:00,24
2018-06-04T09:45:00,19
2018-06-04T11:10:01,34
2018-06-04T11:52:00,52
2018-06-04T17:17:00,-1
2018-06-04T17:18:00,53
2018-06-04T20:50:00,136
2018-06-05T03:42:00,157
2018-06-05T07:44:01,50
2018-06-05T13:26:00,98
2018-06-05T15:16:01,54
2018-06-05T16:20:59,49
2018-06-05T16:30:00,46
2018-06-05T17:37:00,78
2018-06-05T19:18:01,119
2018-06-06T10:41:00,30
2018-06-06T13:30:00,114
2018-06-06T15:31:00,55
2018-06-06T16:26:00,37
2018-06-06T16:53:00,49
2018-06-06T18:04:00,88
2018-06-07T03:33:01,150
2018-06-07T09:07:01,18
2018-06-07T14:08:00,129
2018-06-07T15:10:00,87
2018-06-07T16:36:00,60
2018-06-07T18:52:00,90
2018-06-08T05:03:00,105
2018-06-08T07:21:00,72
2018-06-08T07:53:00,47
2018-06-08T08:13:01,39
2018-06-08T08:46:00,19
2018-06-08T10:05:01,27
2018-06-08T12:21:00,85
2018-06-08T13:05:01,106
2018-06-08T16:29:00,91
2018-06-08T17:23:00,77
2018-06-08T18:24:00,79
2018-06-08T18:36:00,70
2018-06-08T19:17:01,28
2018-06-08T19:25:00,14
2018-06-09T10:37:00,120
2018-06-09T17:36:00,115
2018-06-09T18:27:00,99
2018-06-09T18:53:59,81
2018-06-09T19:58:00,58
2018-06-10T03:51:59,145
2018-06-10T13:07:00,139
2018-06-11T05:18:00,148
2018-06-11T08:26:01,52
2018-06-11T09:25:00,35
2018-06-11T09:45:01,39
2018-06-11T16:02:01,52
2018-06-11T20:46:00,152
2018-06-12T08:13:00,45
2018-06-12T14:16:00,108
2018-06-12T15:19:01,57
2018-06-12T17:44:59,45
2018-06-12T20:13:00,152
2018-06-13T08:42:00,20
2018-06-13T14:49:00,85
2018-06-13T15:36:00,59
2018-06-13T19:44:00,117
2018-06-13T22:00:00,152
2018-06-14T09:54:00,10
2018-06-14T12:33:01,82
2018-06-14T15:24:01,49
2018-06-14T15:36:01,29
2018-06-14T16:34:01,19
2018-06-14T17:13:01,11
2018-06-14T18:06:01,19
2018-06-14T18:58:02,76
2018-06-14T19:57:01,83
2018-06-15T09:04:01,15
2018-06-15T12:45:01,99
2018-06-15T13:13:02,119
2018-06-15T14:57:01,109
2018-06-15T17:19:00,95
2018-06-15T23:25:01,0
2018-06-16T08:02:01,147
2018-06-16T11:22:01,129
2018-06-16T20:12:01,6
2018-06-17T10:43:02,138
2018-06-18T04:17:01,0
2018-06-18T06:13:01,134
2018-06-18T08:04:01,42
2018-06-18T10:26:00,45
2018-06-18T12:20:01,96
2018-06-18T14:57:00,81
2018-06-18T15:12:01,65
2018-06-18T16:24:00,39
2018-06-18T17:56:00,61
2018-06-18T18:50:00,102
2018-06-18T19:52:00,112
2018-06-19T04:41:00,143
2018-06-19T08:16:01,20
2018-06-19T11:33:01,60
2018-06-19T12:36:00,84
2018-06-19T14:41:01,63
2018-06-19T15:21:00,51
2018-06-19T15:39:01,43
2018-06-19T16:19:00,32
2018-06-19T16:38:01,27
2018-06-19T17:31:00,9
2018-06-19T19:08:01,62
2018-06-19T19:09:01,84
2018-06-20T08:10:00,35
2018-06-20T13:02:00,98
2018-06-20T14:52:00,61
2018-06-20T16:00:01,43
2018-06-20T19:29:00,106
2018-06-21T03:36:00,152
2018-06-21T09:31:00,31
2018-06-21T12:36:00,97
2018-06-21T14:47:00,100
2018-06-21T15:20:01,89
2018-06-21T15:56:00,78
2018-06-21T17:40:00,21
2018-06-22T06:22:01,-1
2018-06-22T13:26:00,98
2018-06-22T13:32:00,74
2018-06-22T14:28:00,65
2018-06-22T15:25:00,58
2018-06-22T15:27:00,68
2018-06-22T15:31:00,57
2018-06-22T15:37:00,96
2018-06-22T15:48:00,87
2018-06-22T19:32:00,72
2018-06-22T22:24:00,98
2018-06-24T00:02:00,145
2018-06-24T22:01:01,151
2018-06-25T05:58:00,140
2018-06-25T12:11:59,80
2018-06-25T13:25:59,125
2018-06-25T14:47:00,97
2018-06-25T16:08:00,48
2018-06-25T18:47:00,112
2018-06-26T13:58:00,126
2018-06-26T16:11:00,58
2018-06-27T07:57:59,42
2018-06-27T09:11:59,19
2018-06-27T16:12:59,37
2018-06-28T02:41:58,158
2018-06-28T09:11:59,15
2018-06-28T11:05:59,30
2018-06-28T14:05:59,52
2018-06-28T15:45:59,42
2018-06-28T17:02:58,39
2018-06-28T18:16:58,56
2018-06-28T18:44:58,96
2018-06-28T21:28:58,144
2018-06-29T03:46:58,148
2018-06-29T13:15:59,78
2018-06-29T18:17:59,94
2018-06-30T01:37:58,155
2018-06-30T04:43:59,0
2018-06-30T15:46:58,140
2018-06-30T20:11:59,115
2018-07-01T00:28:59,152
2018-07-02T04:18:59,154
2018-07-03T09:05:58,10
2018-07-03T14:58:58,99
2018-07-04T08:44:58,25
2018-07-04T11:20:58,37
2018-07-04T16:49:58,50
2018-07-05T15:51:58,60
2018-07-05T20:39:57,53
2018-07-05T21:47:58,60
2018-07-05T23:30:58,80
2018-07-06T05:11:58,150
2018-07-06T11:53:58,106
2018-07-07T16:31:58,147
2018-07-09T08:21:57,50
2018-07-09T14:39:00,70
2018-07-09T16:36:57,60
2018-07-09T16:45:57,65
2018-07-09T17:22:57,55
2018-07-09T17:25:57,70
2018-07-09T19:29:58,110
2018-07-10T15:13:57,82
2018-07-10T20:08:58,130
2018-07-10T21:56:57,140
2018-07-12T10:47:57,50
2018-07-12T13:38:57,0
2018-07-12T17:47:57,60
2018-07-12T17:49:56,101
2018-07-13T12:04:57,70
2018-07-13T13:14:57,110
2018-07-14T15:57:57,150
2018-07-14T18:11:56,145
2018-07-14T21:46:56,140
2018-07-14T23:45:57,150
2018-07-15T20:10:56,145
2018-07-15T21:01:57,150
2018-07-16T18:03:56,100
2018-07-17T07:36:56,70
2018-07-17T15:31:57,85
2018-07-18T05:05:56,152
2018-07-18T11:16:56,91
2018-07-18T19:51:56,120
2018-07-18T21:42:56,140
2018-07-19T16:34:56,103
2018-07-19T20:29:56,130
2018-07-20T10:04:57,-1
2018-07-20T10:05:56,130
2018-07-20T10:56:56,-1
2018-07-20T11:07:56,130
2018-07-24T03:39:55,150
2018-07-24T22:15:56,140
2018-07-25T14:02:55,-1
2018-07-25T14:04:03,140
2018-07-25T20:34:55,120
2018-07-26T11:22:55,87
2018-07-26T12:26:56,70
2018-07-26T15:20:55,80
2018-07-26T16:19:55,60
2018-07-26T19:46:55,110
2018-07-27T12:53:54,95
2018-07-27T17:26:55,105
2018-07-28T06:01:55,0
2018-07-28T12:31:55,152
2018-07-29T12:58:55,0
2018-07-29T17:44:54,130
2018-07-29T20:07:54,120
2018-07-29T20:59:54,0
2018-07-30T06:00:54,152
2018-07-30T20:58:54,90
2018-07-31T00:55:55,100
2018-07-31T04:49:55,151
2018-08-01T03:50:55,130
2018-08-01T04:16:55,157
2018-08-01T20:09:54,135
2018-08-02T06:35:54,96
2018-08-02T08:11:54,68
2018-08-02T09:37:54,58
2018-08-02T11:07:54,62
2018-08-03T04:29:54,125
2018-08-03T07:45:54,76
2018-08-03T11:10:54,82
2018-08-03T20:06:54,140
2018-08-04T00:49:54,150
2018-08-06T06:28:54,96
2018-08-06T08:36:53,89
2018-08-06T10:53:54,74
2018-08-06T12:11:53,115
2018-08-06T16:28:53,130
2018-08-06T17:04:53,131
2018-08-06T17:10:53,132
2018-08-07T07:46:53,84
2018-08-07T08:03:54,76
2018-08-07T09:24:54,61
2018-08-07T12:04:53,110
2018-08-07T15:07:54,135
2018-08-07T16:31:53,130
2018-08-07T17:49:53,120
2018-08-07T18:14:54,125
2018-08-07T19:38:53,135
2018-08-08T07:40:53,86
2018-08-08T08:49:53,89
2018-08-08T09:33:53,75
2018-08-08T23:59:54,150
2018-08-09T06:53:53,141
2018-08-09T09:11:53,90
2018-08-09T20:18:53,140
2018-08-10T08:13:53,98
2018-08-10T09:29:53,81
2018-08-11T04:01:52,125
2018-08-11T08:59:53,148
2018-08-11T18:49:53,149
2018-08-12T15:35:52,152
2018-08-12T17:49:53,153
2018-08-13T05:41:52,148
2018-08-13T08:42:52,119
2018-08-13T11:35:53,114
2018-08-14T05:06:52,142
2018-08-14T22:16:52,145
2018-08-16T07:53:52,99
2018-08-16T08:27:52,97
2018-08-17T06:31:52,144
2018-08-17T11:53:52,114
2018-08-17T12:51:51,116
2018-08-17T21:13:52,140
2018-08-19T12:17:51,152
2018-08-20T06:58:51,96
2018-08-20T08:40:52,84
2018-08-20T10:33:52,79
2018-08-20T16:10:51,130
2018-08-21T06:28:51,98
2018-08-21T07:48:51,84
2018-08-21T10:17:51,64
2018-08-21T12:09:51,105
2018-08-21T15:26:51,120
2018-08-21T16:09:51,115
2018-08-22T05:35:51,148
2018-08-22T07:23:51,0
2018-08-22T10:55:51,90
2018-08-22T19:14:51,102
2018-08-23T04:51:51,148
2018-08-23T09:01:51,88
2018-08-24T03:58:50,125
2018-08-24T08:09:51,98
2018-08-25T09:39:51,125
2018-08-26T05:23:51,148
2018-08-26T17:21:50,160
2018-08-27T05:41:50,152
2018-08-27T08:53:50,60
2018-08-27T09:33:51,56
2018-08-27T10:52:50,0
2018-08-28T04:59:50,148
2018-08-28T08:02:50,73
2018-08-28T10:18:51,57
2018-08-29T03:52:50,152
2018-08-29T07:07:50,96
2018-08-29T07:30:50,81
2018-08-29T08:51:50,54
2018-08-29T09:57:50,42
2018-08-29T12:34:50,117
2018-08-29T16:36:50,106
2018-08-30T07:19:50,86
2018-08-30T08:54:49,58
2018-08-30T10:37:50,43
2018-08-30T13:06:49,125
2018-08-30T18:01:49,95
2018-08-31T05:50:50,135
2018-08-31T09:02:50,58
2018-08-31T10:40:50,56
2018-08-31T15:21:49,98
2018-08-31T20:16:49,105
2018-08-31T23:32:50,110
2018-09-01T01:35:49,130
2018-09-01T06:39:49,155
2018-09-03T05:54:49,146
2018-09-03T09:46:49,40
2018-09-03T15:07:49,52
2018-09-03T16:44:49,38
2018-09-04T05:08:49,148
2018-09-04T06:35:49,125
2018-09-04T07:18:49,0
2018-09-04T08:23:49,58
2018-09-04T10:24:49,33
2018-09-04T12:39:49,75
2018-09-04T15:56:49,28
2018-09-05T03:59:49,125
2018-09-05T07:14:49,71
2018-09-05T07:34:49,64
2018-09-05T10:06:50,21
2018-09-05T12:18:49,70
2018-09-05T16:01:49,60
2018-09-05T16:39:49,45
2018-09-05T19:10:48,60
2018-09-06T06:42:48,102
2018-09-06T07:41:48,89
2018-09-06T08:02:49,48
2018-09-06T09:14:49,11
2018-09-06T10:20:49,6
2018-09-06T15:16:49,70
2018-09-07T06:05:49,142
2018-09-07T10:27:48,15
2018-09-07T11:43:49,55
2018-09-07T12:08:49,71
2018-09-07T12:54:49,100
2018-09-07T16:36:49,90
2018-09-07T16:53:48,85
2018-09-07T19:42:49,60
2018-09-08T08:18:48,144
2018-09-08T16:55:49,120
2018-09-08T18:06:48,70
2018-09-08T18:31:48,30
2018-09-08T18:34:48,20
2018-09-08T18:35:48,15
2018-09-08T18:43:48,5
2018-09-08T21:02:48,0
2018-10-08T14:43:52,71
2018-10-08T15:05:52,46
2018-10-08T15:55:52,21
2018-10-08T19:28:52,83
2018-10-09T13:38:52,0
2018-10-09T13:44:52,86
2018-10-09T17:02:51,3
2018-10-10T14:03:51,46
2018-10-10T15:25:52,39
2018-10-10T16:29:51,9
2018-10-10T18:35:51,86
2018-10-10T19:29:51,98
2018-10-11T14:18:51,120
2018-10-11T20:16:51,0
2018-10-12T01:10:51,85
2018-10-12T05:36:51,138
2018-10-13T17:04:50,88
2018-10-13T18:19:50,62
2018-10-13T19:07:50,51
2018-10-13T23:07:50,142
2018-10-15T12:38:49,76
2018-10-15T21:39:49,118
2018-10-16T06:54:49,61
2018-10-16T08:05:49,15
2018-10-16T09:05:49,8
2018-10-16T13:25:49,100
2018-10-16T19:03:49,0
2018-10-17T12:00:50,45
2018-10-17T14:34:48,42
2018-10-17T15:21:49,22
2018-10-17T16:24:49,29
2018-10-17T17:50:49,48
2018-10-17T18:44:49,92
2018-10-17T19:18:49,100
2018-10-17T20:58:49,132
2018-10-18T12:16:48,76
2018-10-18T14:32:48,68
2018-10-18T15:15:49,21
2018-10-18T17:56:48,36
2018-10-19T10:32:48,14
2018-10-19T13:23:48,98
2018-10-19T14:59:48,67
2018-10-19T16:21:48,49
2018-10-19T18:46:48,65
2018-10-20T07:19:48,143
2018-10-20T14:21:48,126
2018-10-20T16:00:48,100
2018-10-22T05:00:47,0
2018-10-22T12:42:47,98
2018-10-22T14:27:47,61
2018-10-22T15:54:47,16
2018-10-22T17:29:47,24
2018-10-22T22:20:47,128
2018-10-23T03:50:47,151
2018-10-23T11:42:46,56
2018-10-23T12:11:47,65
2018-10-23T14:34:47,59
2018-10-23T15:44:46,19
2018-10-23T17:31:46,49
2018-10-24T12:51:46,95
2018-10-24T19:36:46,107
2018-10-25T16:05:46,3
2018-10-25T18:23:46,44
2018-10-26T03:53:46,101
2018-10-26T06:58:46,64
2018-10-26T09:07:45,17
2018-10-26T13:15:45,88
2018-10-26T15:58:46,58
2018-10-26T16:36:45,47
2018-10-27T19:16:45,9
2018-10-27T22:56:45,145
2018-10-29T13:40:45,87
2018-10-29T15:20:44,94
2018-10-29T16:20:44,46
2018-10-29T17:45:44,31
2018-10-30T06:03:44,148
2018-10-30T07:16:44,133
2018-10-30T09:12:44,11
2018-10-30T14:31:44,66
2018-10-30T15:31:45,59
2018-10-30T16:02:44,23
2018-10-30T16:31:44,19
2018-10-30T19:07:44,52
2018-10-30T20:06:44,102
2018-10-31T06:40:44,147
2018-10-31T08:26:44,45
2018-10-31T12:12:44,3
2018-10-31T15:40:44,23
2018-10-31T17:18:44,27
2018-11-01T17:09:43,125
2018-11-01T18:00:43,96
2018-11-01T18:43:44,0
2018-11-01T18:44:43,96
2018-11-02T15:19:43,67
2018-11-02T17:17:43,63
2018-11-02T17:26:43,67
2018-11-02T23:33:42,83
2018-11-05T07:02:42,105
2018-11-05T08:15:42,58
2018-11-05T09:16:42,9
2018-11-05T11:59:42,15
2018-11-05T12:41:42,52
2018-11-05T15:19:42,86
2018-11-06T14:50:42,106
2018-11-06T15:23:41,78
2018-11-06T15:46:41,58
2018-11-06T20:29:41,128
2018-11-07T18:10:41,14
2018-11-07T21:30:41,152
2018-11-08T21:56:41,119
2018-11-09T04:51:41,151
2018-11-09T15:14:41,36
2018-11-09T17:20:41,19
2018-11-09T19:30:41,56
2018-11-10T07:46:40,125
2018-11-10T11:45:41,96
2018-11-10T16:35:40,58
2018-11-10T19:19:40,21
2018-11-10T20:54:41,0
2018-11-11T04:29:41,130
2018-11-11T12:27:40,102
2018-11-12T14:35:40,110
2018-11-12T15:46:40,69
2018-11-12T18:05:39,0
2018-11-13T13:02:40,58
2018-11-13T15:50:40,31
2018-11-13T16:21:39,19
2018-11-13T19:03:40,56
2018-11-14T16:20:39,19
2018-11-14T18:22:39,23
2018-11-15T14:22:39,87
2018-11-15T16:47:38,0
2018-11-16T05:53:38,142
2018-11-16T07:26:38,108
2018-11-16T07:42:38,95
2018-11-16T08:17:38,62
2018-11-16T08:43:38,19
2018-11-16T09:00:38,0
2018-11-16T12:49:38,17
2018-11-16T14:16:38,59
2018-11-16T16:18:38,37
2018-11-16T16:59:38,27
2018-11-16T20:38:38,7
2018-11-17T19:53:38,9
2018-11-17T20:25:38,0
2018-11-18T04:45:38,132
2018-11-20T05:21:37,146
2018-11-20T07:59:37,94
2018-11-20T08:22:37,68
2018-11-20T08:42:37,44
2018-11-20T09:11:37,15
2018-11-20T10:31:37,5
2018-11-20T22:50:36,152
2018-11-21T08:43:36,34
2018-11-21T09:14:36,23
2018-11-21T21:00:37,152
2018-11-21T21:53:36,0
2018-11-21T21:55:36,153
2018-11-22T22:21:35,125
2018-11-23T04:30:35,147
2018-11-23T15:20:36,26
2018-11-23T16:08:36,12
2018-11-23T19:27:36,26
2018-11-23T20:51:36,46
2018-11-24T03:57:36,138
2018-11-24T14:17:35,58
2018-11-25T11:02:35,51
2018-11-25T20:06:35,0
2018-11-26T04:16:35,152
2018-11-26T14:20:34,103
2018-11-26T16:17:34,55
2018-11-26T16:48:35,44
2018-11-26T19:03:34,65
2018-11-27T14:39:34,103
2018-11-27T15:22:34,84
2018-11-27T15:50:34,67
2018-11-27T16:44:35,36
2018-11-27T21:19:34,153
2018-11-28T05:18:34,0
2018-11-28T14:46:34,36
2018-11-28T16:41:34,19
2018-11-28T19:15:33,62
2018-11-28T20:39:34,98
2018-11-29T15:04:33,86
2018-11-29T15:30:33,73
2018-11-29T20:01:34,10
2018-11-30T06:55:33,96
2018-11-30T08:30:33,41
2018-11-30T08:51:33,29
2018-11-30T10:42:34,7
2018-11-30T11:49:33,16
2018-11-30T13:48:33,75
2018-11-30T16:45:33,48
2018-12-01T19:00:33,4
2018-12-02T00:05:33,112
2018-12-03T02:13:32,152
2018-12-17T11:38:33,-1
2018-12-17T11:40:28,69
2018-12-17T15:04:29,100
2018-12-17T15:38:28,71
2018-12-17T16:13:28,47
2018-12-17T16:40:29,44
2018-12-17T21:09:29,152
2018-12-18T04:46:29,155
2018-12-18T13:13:28,61
2018-12-18T15:28:28,17
2018-12-18T16:04:28,9
2018-12-18T18:12:28,-1
2018-12-18T18:13:28,9
2018-12-18T19:47:28,76
2018-12-18T20:52:28,100
2018-12-19T13:18:27,54
2018-12-19T14:57:27,73
2018-12-19T15:48:27,40
2018-12-19T16:19:28,0
2018-12-19T17:33:28,9
2018-12-20T11:27:28,0
2018-12-20T15:37:28,26
2018-12-21T06:30:27,145
2018-12-21T08:19:27,43
2018-12-21T08:27:27,36
2018-12-21T09:42:27,0
2018-12-21T13:29:26,12
2018-12-23T04:26:26,136
2018-12-24T07:03:26,-1
2018-12-24T09:32:26,96
2018-12-24T10:36:26,25
2018-12-24T11:44:26,6
2018-12-25T07:01:26,115
2018-12-26T13:24:25,36
2018-12-26T16:38:25,6
2018-12-26T18:10:25,0
2018-12-26T18:47:26,6
2018-12-26T21:05:25,115
2018-12-27T00:00:24,152
2018-12-27T13:39:25,48
2018-12-27T16:26:25,0
2018-12-29T05:35:24,112
2018-12-29T12:38:23,81
2018-12-29T16:36:24,56
2018-12-29T17:56:23,10
2018-12-29T18:22:24,0
2018-12-30T05:07:23,115
2018-12-30T14:46:24,61
2018-12-31T21:23:23,126
2019-01-01T00:09:24,115
2019-01-01T18:13:22,88
2019-01-02T04:57:23,151
2019-01-02T07:42:22,0
2019-01-02T07:44:22,98
2019-01-02T09:36:22,42
2019-01-03T16:55:22,9
2019-01-03T20:24:22,68
2019-01-04T14:20:22,61
2019-01-04T17:25:22,10
2019-01-05T06:07:21,144
2019-01-05T10:11:21,110
2019-01-05T10:39:21,97
2019-01-05T11:44:21,77
2019-01-05T16:02:21,70
2019-01-05T16:58:21,24
2019-01-05T17:21:21,6
2019-01-06T02:52:21,115
2019-01-06T10:08:20,145
2019-01-06T12:12:21,137
2019-01-06T23:15:21,151
2019-01-07T13:21:20,98
2019-01-08T19:16:20,85
2019-01-08T21:27:20,151
2019-01-09T15:48:19,59
2019-01-10T07:20:19,96
2019-01-10T09:26:20,46
2019-01-10T09:27:19,28
2019-01-10T10:04:20,19
2019-01-10T11:30:20,9
2019-01-10T14:58:20,100
2019-01-11T04:48:19,148
2019-01-11T13:10:19,67
2019-01-11T16:56:19,31
2019-01-11T19:06:19,46
2019-01-11T21:56:19,65
2019-01-14T07:33:18,-1
2019-01-14T16:10:18,66
2019-01-14T16:37:18,41
2019-01-14T21:06:18,152
2019-01-15T08:56:18,45
2019-01-15T09:49:18,24
2019-01-15T16:08:17,48
2019-01-15T23:30:17,148
2019-01-17T13:28:17,63
2019-01-17T15:21:17,76
2019-01-17T15:58:16,40
2019-01-17T20:48:16,122
2019-01-18T07:42:16,74
2019-01-18T09:09:16,17
2019-01-18T13:23:16,65
2019-01-18T14:10:16,73
2019-01-18T16:21:15,82
2019-01-19T18:47:15,52
2019-01-19T19:51:16,12
2019-01-19T20:11:15,0
2019-01-20T02:17:16,98
2019-01-20T04:41:15,142
2019-01-21T16:47:14,-1
2019-01-21T16:48:15,142
2019-01-22T05:52:14,151
2019-01-22T07:11:14,127
2019-01-22T07:58:14,71
2019-01-22T08:24:14,44
2019-01-22T08:37:15,36
2019-01-22T09:43:14,0
2019-01-22T14:46:14,95
2019-01-22T23:48:14,146
2019-01-23T07:34:13,114
2019-01-23T08:48:14,38
2019-01-23T09:52:13,13
2019-01-23T15:14:13,75
2019-01-23T21:08:13,146
2019-01-25T02:14:13,140
2019-01-25T09:24:12,0
2019-01-25T13:07:13,21
2019-01-25T20:20:12,56
2019-01-26T05:14:12,136
2019-01-26T12:12:12,96
2019-01-26T16:42:12,74
2019-01-27T09:40:12,115
2019-01-28T06:12:11,142
2019-01-28T08:53:11,32
2019-01-28T17:17:11,28
2019-01-28T19:48:11,96
2019-01-28T20:54:11,131
2019-01-29T04:43:11,150
2019-01-29T14:57:10,101
2019-01-29T16:00:10,32
2019-01-29T17:28:10,5
2019-01-30T08:36:11,28
2019-01-30T09:31:11,10
2019-01-30T09:59:11,5
2019-01-30T10:08:10,1
2019-01-30T11:52:10,8
2019-01-30T21:16:10,0
2019-01-31T05:01:10,140
2019-01-31T06:50:10,0
2019-01-31T09:07:10,10
2019-01-31T09:46:10,2
2019-01-31T09:54:10,0
2019-01-31T10:30:10,5
2019-01-31T13:05:09,27
2019-01-31T14:41:09,68
2019-01-31T16:39:09,21
2019-01-31T18:36:10,57
2019-01-31T20:12:09,92
2019-02-01T05:37:10,148
2019-02-01T07:55:09,99
2019-02-01T09:06:10,29
2019-02-01T13:32:09,65
2019-02-01T16:18:09,17
2019-02-01T17:43:09,32
2019-02-02T17:46:09,105
2019-02-02T18:28:09,83
2019-02-02T19:16:08,66
2019-02-02T19:49:09,51
2019-02-02T20:19:09,42
2019-02-02T23:34:08,58
2019-02-03T01:36:08,93
2019-02-03T13:12:09,0
2019-02-03T20:16:08,135
2019-02-04T04:46:08,148
2019-02-04T09:28:08,2
2019-02-04T22:21:07,146
2019-02-05T07:07:07,132
2019-02-05T07:54:07,88
2019-02-05T08:18:07,68
2019-02-05T09:11:07,28
2019-02-05T09:53:08,10
2019-02-05T10:07:07,4
2019-02-05T12:35:07,34
2019-02-05T15:50:08,18
2019-02-05T17:22:07,32
2019-02-05T20:27:07,110
2019-02-06T06:57:08,50
2019-02-06T08:54:07,20
2019-02-06T09:18:07,10
2019-02-06T09:55:07,2
2019-02-06T15:04:07,39
2019-02-07T07:23:06,109
2019-02-07T09:09:08,7
2019-02-07T09:33:09,5
2019-02-07T14:11:07,58
2019-02-07T15:58:06,17
2019-02-07T16:17:07,9
2019-02-07T18:37:06,52
2019-02-07T20:07:06,86
2019-02-08T08:00:06,50
2019-02-08T11:36:06,5
2019-02-08T12:05:06,8
2019-02-08T13:28:05,68
2019-02-08T16:21:05,65
2019-02-08T20:42:05,58
2019-02-09T05:59:05,146
2019-02-09T07:58:05,148
2019-02-09T11:40:05,86
2019-02-09T13:22:05,106
2019-02-09T17:16:05,62
2019-02-09T19:12:05,26
2019-02-09T19:50:05,17
2019-02-09T20:10:06,9
2019-02-10T01:48:05,115
2019-02-10T06:12:05,144
2019-02-11T09:53:04,6
2019-02-11T13:45:04,94
2019-02-11T15:43:04,86
2019-02-11T16:50:04,30
2019-02-11T17:21:04,13
2019-02-11T19:56:05,104
2019-02-12T06:53:04,90
2019-02-12T08:43:03,15
2019-02-12T08:56:03,5
2019-02-12T12:23:06,20
2019-02-12T12:55:03,40
2019-02-12T13:22:03,68
2019-02-12T16:42:03,17
2019-02-12T20:23:03,115
2019-02-13T08:54:03,50
2019-02-13T09:41:03,5
2019-02-13T12:21:02,40
2019-02-14T16:17:03,30
2019-02-14T17:43:03,0
2019-02-14T17:54:02,9
2019-02-14T18:36:03,19
2019-02-14T19:58:03,58
2019-02-15T07:26:02,-1
2019-02-15T10:09:02,5
2019-02-15T10:10:02,10
2019-02-15T13:21:02,46
2019-02-15T16:19:02,12
2019-02-15T19:50:03,46
2019-02-15T20:40:02,57
2019-02-16T05:31:03,100
2019-02-16T11:15:02,-1
2019-02-18T06:06:02,156
2019-02-18T07:20:02,126
2019-02-18T08:46:01,31
2019-02-18T09:35:02,2
2019-02-18T10:31:02,0
2019-02-18T13:15:12,60
2019-02-18T16:27:02,0
2019-02-18T20:06:02,140
2019-02-19T12:00:12,20
2019-02-19T13:33:01,79
2019-02-19T14:31:02,86
2019-02-19T15:22:02,69
2019-02-19T16:08:01,22
2019-02-19T16:19:02,13
2019-02-19T16:57:02,8
2019-02-19T19:21:02,86
2019-02-20T00:05:02,142
2019-02-20T15:08:01,72
2019-02-20T15:53:01,44
2019-02-21T07:55:01,60
2019-02-21T09:19:01,10
2019-02-22T13:32:01,58
2019-02-22T16:06:00,23
2019-02-22T20:47:00,51
2019-02-23T02:01:00,134
2019-02-23T10:34:00,115
2019-02-23T14:11:00,96
2019-02-23T16:38:00,89
2019-02-24T05:06:00,112
2019-02-25T09:40:59,5
2019-02-25T14:20:59,111
2019-02-25T16:12:58,40
2019-02-25T16:37:59,29
2019-02-25T17:16:59,15
2019-02-26T07:19:58,100
2019-02-26T10:43:59,15
2019-02-26T12:43:58,50
2019-02-26T15:07:59,41
2019-02-26T16:15:59,21
2019-02-26T17:35:59,17
2019-02-26T19:17:58,56
2019-02-26T20:49:59,108
2019-02-27T04:47:58,150
2019-02-27T08:42:58,30
2019-02-27T09:01:58,20
2019-02-27T09:30:58,10
2019-02-27T12:53:58,40
2019-02-27T17:19:58,7
2019-02-27T19:26:58,86
2019-02-27T21:57:58,139
2019-02-28T08:51:58,20
2019-02-28T09:00:57,5
2019-02-28T13:05:57,20
2019-02-28T14:23:58,59
2019-02-28T15:53:58,11
2019-03-01T05:59:58,148
2019-03-01T07:00:58,133
2019-03-01T07:31:57,111
2019-03-01T08:51:57,25
2019-03-01T10:09:57,0
2019-03-01T12:56:58,12
2019-03-01T16:00:57,-1
2019-03-01T16:01:57,12
2019-03-01T19:44:57,46
2019-03-03T21:15:57,142
2019-03-04T10:30:56,20
2019-03-04T15:31:56,78
2019-03-04T19:53:56,111
2019-03-04T20:58:56,143
2019-03-05T08:58:56,5
2019-03-05T14:50:56,56
2019-03-05T14:59:56,28
2019-03-05T15:33:59,0
2019-03-05T16:13:56,5
2019-03-05T18:04:56,25
2019-03-05T19:41:56,93
2019-03-06T07:26:56,123
2019-03-06T08:46:56,16
2019-03-06T09:56:56,6
2019-03-06T12:46:56,32
2019-03-06T14:44:56,88
2019-03-06T15:16:56,72
2019-03-06T15:59:56,42
2019-03-06T17:08:55,0
2019-03-07T08:08:56,40
2019-03-07T08:54:56,5
2019-03-07T15:52:56,16
2019-03-08T10:46:55,8
2019-03-08T12:42:55,30
2019-03-08T13:43:55,65
2019-03-08T15:37:55,73
2019-03-08T16:01:55,70
2019-03-08T17:11:55,47
2019-03-08T18:20:56,0
2019-03-08T19:32:55,5
2019-03-08T20:32:55,21
2019-03-09T18:07:55,17
2019-03-09T21:32:54,28
2019-03-10T00:45:54,125
2019-03-10T09:59:55,40
2019-03-10T22:07:55,145
2019-03-11T08:58:54,29
2019-03-11T10:36:54,13
2019-03-11T10:57:54,6
2019-03-11T21:22:54,145
2019-03-12T08:21:54,40
2019-03-12T09:54:54,5
2019-03-12T12:43:54,40
2019-03-12T14:13:54,93
2019-03-12T15:57:54,76
2019-03-12T16:23:54,62
2019-03-12T16:57:54,32
2019-03-12T17:24:53,8
2019-03-13T08:04:53,-1
2019-03-13T08:05:54,8
2019-03-13T15:22:53,46
2019-03-13T15:43:53,23
2019-03-21T10:21:50,5
2019-03-21T13:38:51,64
2019-03-21T15:39:50,46
2019-03-21T17:02:50,3
2019-03-21T19:01:50,49
2019-03-22T06:15:50,144
2019-03-22T07:21:50,120
2019-03-22T08:31:50,38
2019-03-22T08:44:50,-1
2019-03-22T08:45:50,26
2019-03-22T09:16:50,0
2019-03-22T10:18:51,-1
2019-03-22T10:19:50,0
2019-03-27T17:17:55,7
2019-03-27T20:14:49,96
2019-03-28T08:54:49,5
2019-03-28T13:23:49,88
2019-03-28T13:43:48,56
2019-03-28T14:41:49,83
2019-03-28T15:27:49,58
2019-03-28T20:32:48,68
2019-03-29T05:16:48,105
2019-03-29T08:08:49,63
2019-03-29T09:07:48,8
2019-03-29T12:36:49,21
2019-03-29T15:10:49,70
2019-03-29T16:47:48,60
2019-03-29T17:08:48,52
2019-03-29T20:36:49,70
2019-03-30T08:02:48,146
2019-03-30T10:34:48,111
2019-03-31T07:23:48,146
2019-04-01T04:14:48,100
2019-04-01T07:17:47,40
2019-04-01T07:36:47,20
2019-04-01T07:41:48,5
2019-04-01T20:35:48,146
2019-04-01T20:36:48,142
2019-04-02T04:46:47,120
2019-04-02T07:07:47,70
2019-04-02T08:38:48,4
2019-04-03T03:51:47,151
2019-04-03T08:10:47,10
2019-04-03T14:21:47,26
2019-04-03T15:46:46,5
2019-04-03T17:07:47,28
2019-04-03T19:07:47,56
2019-04-03T19:08:47,72
2019-04-04T08:02:47,5
2019-04-04T12:16:48,56
2019-04-04T15:20:47,17
2019-04-04T15:51:46,5
2019-04-04T17:43:47,46
2019-04-05T05:08:46,149
2019-04-05T06:07:46,130
2019-04-05T06:19:46,117
2019-04-05T07:25:46,42
2019-04-05T07:51:46,9
2019-04-05T08:02:47,0
2019-04-05T14:00:47,32
2019-04-05T19:54:46,72
2019-04-06T10:32:46,5
2019-04-06T11:59:46,15
2019-04-06T15:06:46,50
2019-04-06T16:35:46,85
2019-04-06T23:02:46,86
2019-04-07T09:58:47,15
2019-04-07T23:39:46,135
2019-04-08T12:20:46,62
2019-04-08T15:19:46,17
2019-04-08T19:06:46,115
2019-04-09T04:50:47,149
2019-04-09T13:53:46,52
2019-04-09T15:33:46,8
2019-04-09T19:06:46,72
2019-04-10T03:07:47,151
2019-04-10T08:20:54,5
2019-04-10T12:41:46,90
2019-04-10T14:27:47,80
2019-04-10T15:51:46,2
2019-04-11T15:29:46,0
2019-04-11T20:32:46,136
2019-04-12T05:17:47,150
2019-04-12T06:21:46,121
2019-04-12T08:04:47,0
2019-04-12T19:06:47,23
2019-04-12T22:08:47,142
2019-04-13T16:13:46,35
2019-04-13T19:45:46,8
2019-04-13T22:26:47,128
2019-04-14T06:42:46,120
2019-04-15T00:41:46,135
2019-04-15T07:27:46,50
2019-04-15T08:10:47,25
2019-04-15T09:23:46,5
2019-04-15T12:45:46,87
2019-04-15T14:23:47,86
2019-04-15T15:44:50,52
2019-04-15T16:20:46,38
2019-04-15T16:59:46,10
2019-04-16T03:58:46,102
2019-04-16T06:51:46,78
2019-04-16T07:43:46,49
2019-04-16T08:23:46,18
2019-04-16T10:38:46,12
2019-04-16T14:30:46,90
2019-04-16T14:38:46,0
2019-04-16T15:51:46,38
2019-04-16T16:31:46,14
2019-04-17T02:59:46,148
2019-04-17T14:12:46,73
2019-04-17T15:10:46,54
2019-04-17T15:22:46,53
2019-04-17T16:11:46,48
2019-04-17T17:49:46,3
2019-04-18T12:23:45,105
2019-04-18T18:38:46,58
2019-04-18T19:18:46,51
2019-04-18T19:47:46,35
2019-04-19T17:01:46,81
2019-04-19T19:47:46,78
2019-04-19T20:37:46,96
2019-04-19T21:31:46,126
2019-04-20T04:40:46,149
2019-04-20T15:00:45,125
2019-04-21T05:05:46,147
2019-04-21T12:03:46,84
2019-04-21T12:26:45,73
2019-04-21T13:13:46,65
2019-04-22T09:48:46,5
2019-04-22T11:50:46,0
2019-04-22T12:33:46,13
2019-04-22T15:07:46,0
2019-04-22T15:37:45,12
2019-04-22T16:13:45,0
2019-04-23T09:35:45,56
2019-04-23T13:51:45,6
2019-04-24T03:56:46,146
2019-04-24T23:46:46,148
2019-04-25T09:59:46,5
2019-04-25T21:31:45,68
2019-04-25T22:06:45,98
2019-04-26T06:36:46,102
2019-04-26T07:54:45,65
2019-04-26T09:34:46,13
2019-04-26T18:52:45,7
2019-04-26T22:31:46,66
2019-04-26T23:37:45,119
2019-04-27T09:49:45,52
2019-04-27T10:39:45,0
2019-04-27T14:33:46,5
2019-04-28T12:28:45,96
2019-04-29T08:12:45,5
2019-04-29T13:08:45,92
2019-04-29T14:41:46,79
2019-04-29T15:48:45,39
2019-04-30T09:40:45,5
2019-04-30T13:07:45,46
2019-04-30T15:00:46,32
2019-04-30T15:33:45,19
2019-04-30T16:56:45,8
2019-04-30T17:23:45,0
2019-04-30T17:49:45,41
2019-04-30T19:44:45,62
2019-05-01T00:49:45,139
2019-05-01T13:26:45,117
2019-05-02T08:19:45,5
2019-05-02T14:22:45,12
2019-05-02T19:25:44,76
2019-05-03T08:50:45,5
2019-05-03T16:43:45,34
2019-05-04T22:29:45,114
2019-05-05T01:13:44,116
2019-05-05T23:49:45,132
2019-05-06T12:39:44,94
2019-05-07T09:25:45,5
2019-05-07T14:26:45,89
2019-05-08T07:30:44,21
2019-05-08T11:33:45,32
2019-05-08T23:58:44,135
2019-05-09T07:03:44,42
2019-05-09T08:50:45,17
2019-05-09T23:02:45,135
2019-05-10T03:48:44,148
2019-05-10T07:44:45,20
2019-05-10T10:13:46,10
2019-05-10T19:32:45,42
2019-05-11T10:14:45,25
2019-05-11T16:49:45,86
2019-05-11T17:49:45,42
2019-05-12T03:49:45,138
2019-05-12T08:14:45,90
2019-05-12T09:49:48,10
2019-05-12T12:44:45,100
2019-05-12T14:32:45,117
2019-05-13T05:18:45,96
2019-05-13T07:37:45,21
2019-05-13T11:07:45,12
2019-05-13T14:32:45,78
2019-05-14T08:37:45,5
2019-05-14T13:07:44,93
2019-05-14T14:23:44,74
2019-05-15T03:35:44,135
2019-05-15T08:07:44,5
2019-05-15T12:57:43,-1
2019-05-15T13:18:44,5
2019-05-15T14:47:43,25
2019-05-15T18:27:44,96
2019-05-16T07:40:43,-1
2019-05-16T07:42:44,96
2019-05-16T07:51:44,-1
2019-05-16T07:52:43,96
2019-05-16T08:32:43,5
2019-05-16T09:43:43,-1
2019-05-16T09:44:43,5
2019-05-16T14:27:44,78
2019-05-16T15:20:43,47
2019-05-16T20:08:43,98
2019-05-16T22:04:43,132
2019-05-18T09:25:43,114
2019-05-18T10:27:42,60
2019-05-18T15:45:42,113
2019-05-18T21:01:42,51
2019-05-19T05:19:42,147
2019-05-20T07:33:41,40
2019-05-20T19:00:42,138
2019-05-21T10:05:41,20
2019-05-21T19:57:41,135
2019-05-22T07:27:41,60
2019-05-22T15:03:41,12
2019-05-22T16:39:41,8
2019-05-22T18:37:41,56
2019-05-23T08:18:41,5
2019-05-23T10:58:41,0
2019-05-23T14:35:41,26
2019-05-23T19:40:41,56
2019-05-23T21:53:41,137
2019-05-24T08:35:41,10
2019-05-24T15:05:40,65
2019-05-24T15:23:40,69
2019-05-24T15:52:40,53
2019-05-24T22:31:41,82
2019-05-25T03:41:41,142
2019-05-25T04:20:41,147
2019-05-25T05:11:41,151
2019-05-25T09:55:40,124
2019-05-25T16:30:41,89
2019-05-25T17:33:40,74
2019-05-25T17:50:41,62
2019-05-25T19:05:41,26
2019-05-25T19:50:41,9
2019-05-25T22:53:41,86
2019-05-26T10:24:40,150
2019-05-27T05:18:40,0
2019-05-27T05:57:41,50
2019-05-27T10:12:40,5
2019-05-27T13:15:40,42
2019-05-27T14:41:40,17
2019-05-27T16:05:40,23
2019-05-27T22:44:40,135
2019-05-28T03:39:40,150
2019-05-28T08:08:40,20
2019-05-28T12:28:40,40
2019-05-28T22:28:40,143
2019-05-29T08:12:40,10
2019-05-30T03:41:39,152
2019-05-30T15:31:40,20
2019-05-30T21:06:40,115
2019-05-31T05:07:39,151
2019-05-31T06:15:40,125
2019-05-31T06:39:40,107
2019-05-31T13:01:40,86
2019-05-31T13:54:39,92
2019-05-31T22:38:40,85
2019-06-01T04:10:40,136
2019-06-01T17:40:40,100
2019-06-01T19:00:40,72
2019-06-02T03:13:39,146
2019-06-02T17:51:40,133
2019-06-03T13:55:39,46
2019-06-03T15:58:40,26
2019-06-04T07:11:39,66
2019-06-04T13:34:39,0
2019-06-04T13:41:39,42
2019-06-04T13:53:39,0
2019-06-04T14:06:39,46
2019-06-04T15:13:39,17
2019-06-04T16:00:39,9
2019-06-04T18:00:39,42
2019-06-04T19:22:39,115
2019-06-05T09:23:42,15
2019-06-05T09:57:39,10
2019-06-05T11:42:39,40
2019-06-06T07:56:38,10
2019-06-06T17:07:39,0
2019-06-07T02:43:38,149
2019-06-07T06:47:39,56
2019-06-07T10:11:39,16
2019-06-07T11:46:38,36
2019-06-07T15:52:38,76
2019-06-07T19:30:39,12
2019-06-07T19:34:38,4
2019-06-08T00:10:39,129
2019-06-08T01:53:38,142
2019-06-08T17:04:38,96
2019-06-08T18:48:38,46
2019-06-08T19:30:38,21
2019-06-08T19:39:39,9
2019-06-08T21:07:38,32
2019-06-08T22:19:38,123
2019-06-10T04:12:38,157
2019-06-11T14:13:38,46
2019-06-11T16:26:37,17
2019-06-11T20:04:38,119
2019-06-12T11:48:38,50
2019-06-12T14:20:38,78
2019-06-12T15:29:37,33
2019-06-13T04:18:38,125
2019-06-13T06:52:38,96
2019-06-13T07:41:37,17
2019-06-13T08:42:38,9
2019-06-13T19:08:37,120
2019-06-14T07:17:37,70
2019-06-14T08:00:37,10
2019-06-14T20:23:37,56
2019-06-14T23:44:37,126
2019-06-15T08:47:36,0
2019-06-15T11:35:36,140
2019-06-15T12:39:37,0
2019-06-15T12:40:37,110
2019-06-15T18:07:37,70
2019-06-17T05:14:36,106
2019-06-17T08:05:36,19
2019-06-17T11:49:36,59
2019-06-17T15:21:36,54
2019-06-18T08:48:36,10
2019-06-18T20:08:35,115
2019-06-19T08:33:35,5
2019-06-19T14:54:36,56
2019-06-19T17:08:53,16
2019-06-19T20:09:36,142
2019-06-20T09:50:36,5
2019-06-20T17:06:35,0
2019-06-20T19:55:36,52
2019-06-20T22:04:36,135
2019-06-21T10:07:56,20
2019-06-21T12:51:36,72
2019-06-21T14:28:36,87
2019-06-22T04:08:36,115
2019-06-22T10:00:36,96
2019-06-23T11:02:36,125
2019-06-24T07:08:35,23
2019-06-24T08:40:35,11
2019-06-24T15:06:36,50
2019-06-24T16:08:36,33
2019-06-24T18:29:36,79
2019-06-24T19:46:36,124
2019-06-25T08:27:35,15
2019-06-25T14:38:36,71
2019-06-25T16:01:36,4
2019-06-25T20:57:36,136
2019-06-26T09:46:36,15
2019-06-26T11:43:35,50
2019-06-26T14:09:36,106
2019-06-26T14:44:36,75
2019-06-27T07:42:36,5
2019-06-27T12:06:36,43
2019-06-27T15:53:36,31
2019-06-27T16:21:35,19
2019-06-27T18:36:35,46
2019-06-27T19:47:36,87
2019-06-28T06:13:35,-1
2019-06-28T06:25:36,0
2019-06-28T06:31:35,125
2019-06-28T07:29:35,52
2019-06-28T08:34:36,29
2019-06-28T13:08:35,98
2019-06-28T16:48:35,56
2019-06-29T05:57:35,113
2019-06-30T21:38:36,142
2019-07-01T11:51:35,50
2019-07-01T20:28:35,130
2019-07-02T07:50:35,86
2019-07-02T07:51:35,43
2019-07-02T09:13:35,24
2019-07-02T17:13:34,30
2019-07-02T18:52:35,70
2019-07-02T19:29:35,90
2019-07-02T19:54:35,100
2019-07-02T21:25:34,120
2019-07-03T11:12:35,15
2019-07-03T17:12:35,35
2019-07-03T20:13:35,82
2019-07-03T21:15:35,142
2019-07-04T10:23:35,10
2019-07-04T16:26:35,35
2019-07-04T18:38:34,70
2019-07-04T19:33:35,100
2019-07-05T07:24:34,62
2019-07-05T11:17:35,25
2019-07-05T16:37:34,50
2019-07-05T16:38:34,90
2019-07-05T22:08:34,100
2019-07-07T03:39:34,138
2019-07-07T16:49:33,130
2019-07-08T10:14:33,0
2019-07-08T10:15:33,10
2019-07-08T11:12:33,-1
2019-07-08T11:14:33,10
2019-07-08T12:24:33,48
2019-07-08T16:32:33,11
2019-07-08T20:12:33,98
2019-07-08T20:17:33,112
2019-07-08T21:17:33,133
2019-07-09T03:23:33,145
2019-07-09T08:19:32,20
2019-07-09T12:57:32,50
2019-07-09T16:58:33,10
2019-07-09T18:24:33,50
2019-07-09T19:40:33,90
2019-07-10T07:03:32,41
2019-07-10T09:51:32,21
2019-07-10T15:03:32,60
2019-07-10T17:15:32,40
2019-07-10T18:00:32,60
2019-07-10T18:45:32,65
2019-07-10T22:18:33,118
2019-07-10T23:59:32,128
2019-07-11T03:28:33,129
2019-07-11T09:09:31,10
2019-07-11T12:43:32,52
2019-07-12T11:48:32,50
2019-07-12T17:07:32,100
2019-07-12T20:24:31,110
2019-07-12T22:24:31,124
2019-07-13T16:17:32,100
2019-07-13T17:17:32,139
2019-07-13T20:15:32,103
2019-07-13T21:12:32,110
2019-07-13T23:42:32,137
2019-07-14T02:56:32,151
2019-07-14T17:14:32,140
2019-07-15T07:12:32,96
2019-07-15T09:23:31,21
2019-07-15T12:14:32,60
2019-07-15T13:34:32,98
2019-07-15T14:06:32,100
2019-07-15T16:56:31,50
2019-07-15T18:36:31,82
2019-07-15T20:41:32,122
2019-07-16T02:48:32,143
2019-07-16T06:00:31,76
2019-07-16T08:05:32,31
2019-07-16T17:52:31,46
2019-07-16T22:45:31,138
2019-07-17T09:54:31,10
2019-07-17T15:41:32,21
2019-07-17T16:50:31,37
2019-07-17T17:50:31,72
2019-07-17T20:31:32,129
2019-07-18T00:43:31,143
2019-07-18T13:12:31,91
2019-07-18T15:56:32,50
2019-07-18T17:21:31,55
2019-07-18T17:56:32,67
2019-07-18T20:20:31,121
2019-07-19T03:21:31,140
2019-07-19T12:56:31,56
2019-07-19T18:53:32,98
2019-07-19T21:24:31,110
2019-07-20T14:29:32,125
2019-07-20T14:30:31,136
2019-07-20T18:25:31,143
2019-07-21T01:52:31,149
2019-07-22T06:17:31,79
2019-07-22T07:50:31,52
2019-07-22T08:01:32,0
2019-07-22T08:19:31,36
2019-07-22T09:35:31,28
2019-07-22T17:00:31,40
2019-07-22T20:28:31,123
2019-07-22T23:20:31,134
2019-07-23T12:35:31,90
2019-07-23T15:05:31,73
2019-07-23T15:29:31,56
2019-07-23T16:06:30,30
2019-07-23T17:55:31,76
2019-07-23T18:02:31,65
2019-07-23T20:21:31,119
2019-07-24T15:02:30,56
2019-07-24T19:59:31,112
2019-07-24T20:38:30,123
2019-07-25T03:41:31,144
2019-07-25T14:33:31,91
2019-07-25T15:28:31,84
2019-07-25T19:51:31,100
2019-07-25T21:05:30,118
2019-07-26T07:33:32,137
2019-07-26T13:25:30,0
2019-07-26T13:39:30,42
2019-07-26T15:22:30,0
2019-07-26T15:52:30,42
2019-07-26T17:32:31,0
2019-07-26T17:40:30,76
2019-07-27T05:29:31,119
2019-07-27T21:31:31,140
2019-07-28T20:12:30,130
2019-07-29T07:04:40,76
2019-07-29T09:59:30,26
2019-07-29T12:06:30,50
2019-07-29T20:42:30,128
2019-07-30T02:05:29,138
2019-07-30T07:32:30,0
2019-07-30T12:42:30,56
2019-07-30T19:41:30,116
2019-07-30T20:54:30,132
2019-07-31T03:16:29,143
2019-07-31T20:00:30,112
2019-08-01T20:28:30,122
2019-08-02T21:28:29,130
2019-08-03T19:18:29,144
2019-08-03T23:43:29,150
2019-08-05T21:51:28,140
2019-08-06T13:10:29,113
2019-08-06T20:47:29,130
2019-08-07T12:29:29,110
2019-08-07T16:03:29,100
2019-08-07T19:17:28,120
2019-08-08T17:23:29,110
2019-08-08T21:15:28,125
2019-08-09T07:03:28,-1
2019-08-09T07:04:28,125
2019-08-09T23:20:28,150
2019-08-10T23:10:28,140
2019-08-11T21:58:28,145
2019-08-13T16:53:27,118
2019-08-13T16:54:27,117
2019-08-13T19:32:27,123
2019-08-13T19:48:27,130
2019-08-15T00:00:27,150
2019-08-19T14:35:27,136
2019-08-19T16:23:26,127
2019-09-23T06:29:15,140
2019-09-23T06:58:20,76
2019-09-23T07:21:20,36
2019-09-23T09:08:20,9
2019-09-23T12:22:20,50
2019-09-23T12:53:20,72
2019-09-23T13:25:20,90
2019-09-23T14:25:20,50
2019-09-23T14:59:21,20
2019-09-23T16:10:20,10
2019-09-23T16:39:20,0
2019-09-23T17:55:20,50
2019-09-23T18:11:20,80
2019-09-23T19:23:20,110
2019-09-23T20:42:20,135
2019-09-24T01:20:20,141
2019-09-24T05:53:20,136
2019-09-24T06:57:20,67
2019-09-24T07:19:20,62
2019-09-24T07:34:24,-1
2019-09-24T07:35:20,62
2019-09-24T15:51:20,0
2019-09-24T17:42:19,20
2019-09-24T20:26:20,142
2019-09-25T05:13:27,116
2019-09-25T07:15:20,21
2019-09-25T07:51:19,12
2019-09-25T13:00:20,42
2019-09-25T16:11:20,0
2019-09-25T18:23:20,50
2019-09-25T19:06:20,77
2019-09-25T21:45:20,137
2019-09-26T02:55:20,141
2019-09-28T09:58:19,56
2019-09-28T16:26:19,100
2019-09-28T22:13:19,80
2019-09-28T23:21:19,102
2019-09-29T00:01:19,122
2019-09-30T03:36:19,152
2019-09-30T06:49:19,65
2019-09-30T08:01:19,11
2019-10-01T08:00:18,12
2019-10-01T18:41:20,90
2019-10-01T19:44:19,112
2019-10-02T07:03:18,36
2019-10-02T07:51:19,12
2019-10-09T11:56:17,56
2019-10-09T18:55:17,87
2019-10-10T02:28:18,137
2019-10-10T08:07:18,0
2019-10-10T11:18:18,3
2019-10-10T14:04:17,12
2019-10-14T07:44:17,37
2019-10-14T08:57:16,11
2019-10-14T10:52:16,22
2019-10-14T11:51:17,45
2019-10-14T20:02:16,132
2019-10-15T07:19:16,83
2019-10-15T07:30:17,62
2019-10-15T07:40:16,46
2019-10-15T07:54:16,41
2019-10-15T08:01:16,30
2019-10-15T08:03:16,26
2019-10-15T08:10:16,25
2019-10-15T08:26:16,17
2019-10-15T08:30:16,13
2019-10-15T08:52:16,5
2019-10-15T09:41:17,0
2019-10-15T09:55:17,8
2019-10-15T16:46:16,11
2019-10-16T03:46:16,138
2019-10-16T07:47:16,41
2019-10-16T09:36:16,14
2019-10-16T10:32:16,1
2019-10-16T11:21:16,19
2019-10-16T16:07:17,-1
2019-10-16T16:08:16,19
2019-10-17T03:58:16,158
2019-10-17T06:35:16,120
2019-10-17T07:10:17,74
2019-10-17T08:56:16,0
2019-10-17T09:18:16,4
2019-10-17T12:42:16,75
2019-10-17T17:15:16,0
2019-10-17T18:29:16,17
2019-10-17T22:19:16,120
2019-10-18T07:46:16,9
2019-10-18T17:35:16,0
2019-10-18T17:46:16,21
2019-10-19T18:03:16,0
2019-10-19T21:50:15,50
2019-10-20T00:45:16,98
2019-10-21T02:25:16,132
2019-10-21T09:41:15,0
2019-10-21T12:25:16,46
2019-10-21T18:40:16,112
2019-10-21T22:02:15,140
2019-10-22T04:39:15,143
2019-10-22T05:36:15,135
2019-10-22T07:06:15,66
2019-10-22T08:21:15,0
2019-10-22T12:03:16,37
2019-10-22T15:07:16,26
2019-10-22T16:41:16,86
2019-10-22T19:21:15,112
2019-10-22T21:31:15,130
2019-10-23T03:31:16,140
2019-10-23T09:33:18,0
2019-10-23T12:20:16,30
2019-10-23T13:58:15,83
2019-10-23T15:58:16,12
2019-10-23T16:10:15,0
2019-10-23T16:14:15,15
2019-10-23T16:25:15,40
2019-10-23T17:05:15,80
2019-10-23T20:58:16,112
2019-10-24T04:44:16,0
2019-10-24T05:05:15,86
2019-10-24T08:12:15,12
2019-10-24T13:12:15,77
2019-10-24T13:49:15,81
2019-10-24T15:47:15,0
2019-10-24T20:06:15,75
2019-10-24T22:39:15,130
2019-10-25T09:36:15,12
2019-10-25T13:23:16,45
2019-10-25T19:11:15,0
2019-10-25T20:16:16,5
2019-10-25T23:37:15,76
2019-10-26T00:20:15,96
2019-10-26T03:15:15,130
2019-10-26T04:49:15,147
2019-10-26T10:20:15,102
2019-10-26T16:18:15,83
2019-10-26T19:35:15,12
2019-10-26T21:33:15,65
2019-10-27T04:25:15,120
2019-10-27T05:31:15,142
2019-10-27T21:12:15,100
2019-10-28T08:28:15,27
2019-10-28T10:20:15,7
2019-10-28T16:36:15,32
2019-10-28T17:19:15,22
2019-10-28T22:06:15,132
2019-10-29T07:52:14,56
2019-10-29T09:34:15,12
2019-10-29T13:16:15,63
2019-10-29T15:51:15,60
2019-10-29T16:20:15,55
2019-10-29T16:41:14,30
2019-10-29T19:56:15,0
2019-10-30T08:24:15,12
2019-10-30T10:20:14,-1
2019-10-30T10:21:15,12
2019-10-30T10:24:15,-1
2019-10-30T10:25:15,12
2019-10-30T17:14:15,28
2019-10-30T18:47:14,55
2019-10-31T07:02:15,-1
2019-11-01T20:41:14,0
2019-11-02T16:46:14,110
2019-11-02T18:18:14,42
2019-11-02T20:12:14,12
2019-11-03T02:48:14,123
2019-11-04T11:11:14,0
2019-11-05T07:28:14,120
2019-11-05T14:40:14,56
2019-11-05T20:09:14,103
2019-11-06T09:42:14,0
2019-11-06T13:45:14,42
2019-11-07T03:45:14,140
2019-11-07T06:43:13,135
2019-11-07T09:37:14,0
2019-11-07T15:33:14,13
2019-11-07T20:45:14,79
2019-11-08T10:02:13,0
2019-11-08T12:19:14,4
2019-11-08T13:23:13,47
2019-11-08T23:20:13,123
2019-11-09T19:33:13,0
2019-11-09T23:29:13,30
2019-11-10T18:59:13,123
2019-11-11T07:57:13,38
2019-11-11T09:29:13,12
2019-11-11T18:36:13,50
2019-11-12T08:47:13,19
2019-11-12T13:40:13,75
2019-11-13T03:35:13,142
2019-11-13T08:04:13,21
2019-11-13T14:11:13,71
2019-11-13T15:40:13,51
2019-11-13T16:17:13,25
2019-11-14T08:31:13,10
2019-11-14T08:59:13,5
2019-11-14T15:19:12,26
2019-11-14T20:24:13,82
2019-11-15T00:07:13,142
2019-11-15T08:21:12,12
2019-11-15T17:32:12,40
2019-11-16T06:00:13,144
2019-11-16T10:26:12,110
2019-11-16T20:04:13,0
2019-11-17T02:44:12,142
2019-11-17T05:53:13,144
2019-11-18T08:28:12,47
2019-11-18T20:15:14,112
2019-11-18T23:58:12,150
2019-11-19T08:26:21,35
2019-11-19T09:07:12,5
2019-11-19T13:52:27,45
2019-11-19T18:47:12,53
2019-11-19T20:41:12,112
2019-11-20T03:25:12,152
2019-11-20T06:22:12,0
2019-11-20T08:42:12,23
2019-11-20T13:22:12,35
2019-11-20T19:53:12,84
2019-11-21T02:02:12,150
2019-11-21T08:07:12,30
2019-11-21T09:30:12,5
2019-11-21T21:17:12,99
2019-11-22T08:17:12,55
2019-11-22T09:20:11,0
2019-11-22T13:11:12,40
2019-11-22T15:10:12,60
2019-11-22T20:27:12,0
2019-11-23T06:26:12,148
2019-11-23T13:16:12,93
2019-11-23T16:57:12,50
2019-11-23T19:14:12,9
2019-11-23T20:48:12,1
2019-11-23T23:32:13,50
2019-11-24T05:29:12,123
2019-11-24T21:38:12,150
2019-11-25T03:09:12,153
2019-11-25T07:59:12,70
2019-11-25T10:39:11,0
2019-11-25T21:05:12,123
2019-11-26T03:03:12,131
2019-11-26T08:27:12,5
2019-11-26T15:35:11,52
2019-11-26T20:30:11,132
2019-11-27T06:05:11,0
2019-11-27T06:22:11,130
2019-11-27T14:14:11,-1
2019-11-27T16:05:11,35
2019-11-27T16:53:11,0
2019-12-12T10:49:10,65
2019-12-12T16:28:09,12
2019-12-12T20:34:12,68
2019-12-13T09:46:10,7
2019-12-13T16:36:09,0
2019-12-14T16:28:16,1
2019-12-15T04:39:16,112
2019-12-16T08:13:16,125
2019-12-16T08:45:09,0
